date,description,amount
2026-09-01,Client Payment Direct,28000
2026-09-02,House Rent Payment,-18000
2026-09-04,Naivas Supermarket Food,-6200
2026-09-05,Safaricom Home Internet,-2900
2026-09-07,Client Payment Milestone,22000
2026-09-09,Fintech Loan Repayment,-8000
2026-09-12,Uber Transport,-1500
2026-09-15,Client Retainer Invoice,15000
2026-09-17,KPLC Prepaid Electricity,-1800
2026-09-20,City Market Groceries,-3400
2026-09-22,Savings Stash Deposit,-5000
2026-09-25,Small Gig Payment,6000
2026-09-28,Fuel Shell,-2500
